{data: {"accelX":-0.01800537109375,"accelY":-0.0212554931640625,"accelZ":-0.9946441650390625}}