{data: {"accelX":-0.00457763671875,"accelY":-0.0207977294921875,"accelZ":-0.9908447265625}}