{data: {"accelX":0.00518798828125,"accelY":-0.0198516845703125,"accelZ":-0.9908447265625}}